"year","subchannel","content","cost_per_impression","cost_per_click","click_thru_rate","cost_per_visit","avg_pages_per_visit","clicks_to_visit","conversion_rate","roi","roas"
2023.0,"display","retargeting",0.01122850568284993,0.9182080645083224,1.2228716036013598,0.22978779972577118,4.563909601399245,22.49385691873713,8.442709923109346,285638.2999999999,2.5056571857948486
2021.0,"display","retargeting",0.015446884578174348,1.2343580710366735,1.2514103436129604,0.221470031267891,4.327223530447983,16.175591345614887,6.927767804175441,267470.28,2.5643066386374147
2022.0,"display","retargeting",0.01294142867959822,1.043427795085287,1.240280232188028,0.21135327367266793,4.394398500229918,18.260109819327436,6.469527077216935,237135.90000000014,2.587475927875107
2022.0,"display","prospecting",0.013970645434833505,1.1154560446334993,1.2524604176064849,0.20267388589254604,4.4429504735341725,16.405749243670282,6.674843602108081,224288.5300000001,2.5494836287266707
2021.0,"display","prospecting",0.012253011381893579,0.9949670182898569,1.2314992513976972,0.1966094067491923,4.525493612626357,17.730469033177876,6.866611817078868,221694.9699999998,2.5183607331636555
2023.0,"display","prospecting",0.015593897116146367,1.0423465507876148,1.4960376761800913,0.23716103901156796,4.566170673178703,20.46951778836799,8.11448855606504,315305.5900000002,2.521395028402733
