"subchannel","roas"
"display",2.5424050802694307
"affiliates",2.5133349207767384
"other",2.4945431503231315
"paidsearch",2.4891494462942476
"paidsocial",2.472542399022295
"video",2.469752070515624
