"subchannel","roi"
"display",1.5424050802694318
"affiliates",1.5133349207767417
"other",1.4945431503231321
"paidsearch",1.4891494462942556
"paidsocial",1.4725423990222943
"video",1.469752070515616
