"year","subchannel","content","spend_per_view","view_rate","video_completion_rate","link_click_rate","conversion_rate","roi","roas"
2020.0,"video","branding",0.8483994555199502,0.01701752472543117,1.4668632844624678,95.05997788049797,0.050101149950601186,77256.81,2.476567929134044
2020.0,"video","prospecting",0.8497858930806367,0.014666772143185248,1.6079623338697182,87.7570177006973,0.06276084105091617,88861.43000000007,2.4987262886797903
2021.0,"video","prospecting",0.9632282520096217,0.014365582995682776,1.8027488585080087,83.7109589858117,0.07463778058284397,240657.7499999999,2.489985133442397
2021.0,"video","branding",0.821150287428716,0.01589063799657789,1.5503687332524105,82.73710006183725,0.07723769858094122,238115.17,2.517856917474259
2022.0,"video","branding",0.8515243369821774,0.013416939749819095,1.8430749406830587,92.50283420372813,0.07191767987450678,225541.09000000014,2.4180917044551227
2022.0,"video","prospecting",0.998504002608035,0.013963633788652114,1.9256710254645562,93.12372465920478,0.07727622837916127,229528.18,2.5422332222098674
2023.0,"video","branding",0.8330431073299052,0.015574456695170933,1.7285162452307037,77.31497499822262,0.06899045379523748,264013.2799999999,2.4627377438715463
2023.0,"video","prospecting",1.0229925990687834,0.012840749112014408,1.7172295305288412,95.12636480084582,0.07674983622536848,267032.4,2.395571620276855
